{
	"display": {
		"icon": {
			"item": "minecraft:dark_oak_log"
		},
		"title": "Dimly Lit",
		"description": "Enter a dark forest"
	},
	"parent": "custom:exploration/root",
	"criteria": {
		"dark_forest": {
			"trigger": "minecraft:location",
			"conditions": {
				"biome": "minecraft:dark_forest"
			}
		},
		"dark_forest_hills": {
			"trigger": "minecraft:location",
			"conditions": {
				"biome": "minecraft:dark_forest_hills"
			}
		}
	},
	"requirements": [
		[
			"dark_forest",
			"dark_forest_hills"
		]
	]
}