{
	"display": {
		"icon": {
			"item": "minecraft:red_sand"
		},
		"title": "Sandstorm",
		"description": "Collect both types of sand"
	},
	"parent": "custom:exploration/husk",
	"criteria": {
		"sand": {
			"trigger": "minecraft:inventory_changed",
			"conditions": {
				"items": [
					{
						"item": "minecraft:sand"
					}
				]
			}
		},
		"red_sand": {
			"trigger": "minecraft:inventory_changed",
			"conditions": {
				"items": [
					{
						"item": "minecraft:red_sand"
					}
				]
			}
		}
	}
}