{
	"display": {
		"icon": {
			"item": "minecraft:spruce_door"
		},
		"title": "Diversity",
		"description": "Discover every type of village",
		"frame": "challenge"
	},
	"rewards": {
		"experience": 200
	},
	"parent": "custom:village/complete_trade",
	"criteria": {
		"desert": {
			"trigger": "minecraft:location",
			"conditions": {
				"feature": "village",
				"biome": "minecraft:desert"
			}
		},
		"plains": {
			"trigger": "minecraft:location",
			"conditions": {
				"feature": "village",
				"biome": "minecraft:plains"
			}
		},
		"savanna": {
			"trigger": "minecraft:location",
			"conditions": {
				"feature": "village",
				"biome": "minecraft:savanna"
			}
		},
		"snowy_taiga": {
			"trigger": "minecraft:location",
			"conditions": {
				"feature": "village",
				"biome": "minecraft:snowy_taiga"
			}
		},
		"snowy_tundra": {
			"trigger": "minecraft:location",
			"conditions": {
				"feature": "village",
				"biome": "minecraft:snowy_tundra"
			}
		},
		"taiga": {
			"trigger": "minecraft:location",
			"conditions": {
				"feature": "village",
				"biome": "minecraft:taiga"
			}
		}
	},
	"requirements": [
		[
			"desert"
		],
		[
			"plains"
		],
		[
			"savanna"
		],
		[
			"snowy_tundra",
			"snowy_taiga"
		],
		[
			"taiga"
		]
	]
}