{
	"display": {
		"icon": {
			"item": "minecraft:lily_pad"
		},
		"title": "Global Economy",
		"description": "Trade with a villager from each possible biome",
		"frame": "challenge"
	},
	"rewards": {
		"experience": 200
	},
	"parent": "custom:village/expert_trade",
	"criteria": {
		"desert": {
			"trigger": "minecraft:villager_trade",
			"conditions": {
				"villager": {
					"nbt": "{VillagerData:{type:'minecraft:desert'}}"
				}
			}
		},
		"jungle": {
			"trigger": "minecraft:villager_trade",
			"conditions": {
				"villager": {
					"nbt": "{VillagerData:{type:'minecraft:jungle'}}"
				}
			}
		},
		"plains": {
			"trigger": "minecraft:villager_trade",
			"conditions": {
				"villager": {
					"nbt": "{VillagerData:{type:'minecraft:plains'}}"
				}
			}
		},
		"savanna": {
			"trigger": "minecraft:villager_trade",
			"conditions": {
				"villager": {
					"nbt": "{VillagerData:{type:'minecraft:savanna'}}"
				}
			}
		},
		"snow": {
			"trigger": "minecraft:villager_trade",
			"conditions": {
				"villager": {
					"nbt": "{VillagerData:{type:'minecraft:snow'}}"
				}
			}
		},
		"swamp": {
			"trigger": "minecraft:villager_trade",
			"conditions": {
				"villager": {
					"nbt": "{VillagerData:{type:'minecraft:swamp'}}"
				}
			}
		},
		"taiga": {
			"trigger": "minecraft:villager_trade",
			"conditions": {
				"villager": {
					"nbt": "{VillagerData:{type:'minecraft:taiga'}}"
				}
			}
		}
	}
}