{
	"display": {
		"icon": {
			"item": "minecraft:emerald",
			"nbt": "{Enchantments:[{id:'minecraft:unbreaking',lvl:1}]}"
		},
		"title": "True Bravery",
		"description": "Defeat a raid started with Bad Omen level 5",
		"frame": "challenge",
		"hidden": true
	},
	"rewards": {
		"experience": 500
	},
	"parent": "custom:village/hero_of_the_village",
	"criteria": {
		"hard_raid": {
			"trigger": "minecraft:effects_changed",
			"conditions": {
				"effects": {
					"minecraft:hero_of_the_village": {
						"amplifier": {
							"min": 5
						}
					}
				}
			}
		}
	}
}