{
	"parent": "minecraft:recipes/root",
	"rewards": {
		"recipes": [
			"custom:dark_prismarine_easy"
		]
	},
	"criteria": {
		"has_ink_sac": {
			"trigger": "minecraft:inventory_changed",
			"conditions": {
				"items": [{
					"item": "minecraft:ink_sac"
				}]
			}
		},
		"has_recipe": {
			"trigger": "minecraft:recipe_unlocked",
			"conditions": {
				"recipe": "custom:dark_prismarine_easy"
			}
		}
	},
	"requirements": [
		[
			"has_ink_sac",
			"has_recipe"
		]
	]
}