{
	"parent": "minecraft:recipes/root",
	"rewards": {
		"recipes": [
			"custom:green_carpet_to_wool"
		]
	},
	"criteria": {
		"has_green_carpet": {
			"trigger": "minecraft:inventory_changed",
			"conditions": {
				"items": [{
					"item": "minecraft:green_carpet"
				}]
			}
		},
		"has_recipe": {
			"trigger": "minecraft:recipe_unlocked",
			"conditions": {
				"recipe": "custom:green_carpet_to_wool"
			}
		}
	},
	"requirements": [
		[
			"has_green_carpet",
			"has_recipe"
		]
	]
}