{
	"parent": "minecraft:recipes/root",
	"rewards": {
		"recipes": [
			"custom:magma_block_from_campfire_cooking"
		]
	},
	"criteria": {
		"has_netherrack": {
			"trigger": "minecraft:inventory_changed",
			"conditions": {
				"items": [{
					"item": "minecraft:netherrack"
				}]
			}
		},
		"has_recipe": {
			"trigger": "minecraft:recipe_unlocked",
			"conditions": {
				"recipe": "custom:magma_block_from_campfire_cooking"
			}
		}
	},
	"requirements": [
		[
			"has_netherrack",
			"has_recipe"
		]
	]
}