{
	"parent": "minecraft:recipes/root",
	"rewards": {
		"recipes": [
			"custom:mycelium"
		]
	},
	"criteria": {
		"in_mushroom_island": {
			"trigger": "minecraft:location",
			"conditions": {
				"biome": "mushroom_fields"
			}
		},
		"has_mycelium": {
			"trigger": "minecraft:inventory_changed",
			"conditions": {
				"items": [{
					"item": "minecraft:mycelium"
				}]
			}
		},
		"has_recipe": {
			"trigger": "minecraft:recipe_unlocked",
			"conditions": {
				"recipe": "custom:mycelium"
			}
		}
	},
	"requirements": [
		[
			"in_mushroom_island",
			"has_mycelium",
			"has_recipe"
		]
	]
}