{
	"parent": "minecraft:recipes/root",
	"rewards": {
		"recipes": [
			"custom:orange_stained_glass"
		]
	},
	"criteria": {
		"has_red_sand": {
			"trigger": "minecraft:inventory_changed",
			"conditions": {
				"items": [{
					"item": "minecraft:red_sand"
				}]
			}
		},
		"has_the_recipe": {
			"trigger": "minecraft:recipe_unlocked",
			"conditions": {
				"recipe": "custom:orange_stained_glass"
			}
		}
	},
	"requirements": [
		[
			"has_red_sand",
			"has_the_recipe"
		]
	]
}