{
	"parent": "minecraft:recipes/root",
	"rewards": {
		"recipes": [
			"custom:packed_ice_from_stonecutting"
		]
	},
	"criteria": {
		"has_blue_ice": {
			"trigger": "minecraft:inventory_changed",
			"conditions": {
				"items": [{
					"item": "minecraft:blue_ice"
				}]
			}
		},
		"has_recipe": {
			"trigger": "minecraft:recipe_unlocked",
			"conditions": {
				"recipe": "custom:packed_ice_from_stonecutting"
			}
		}
	},
	"requirements": [
		[
			"has_blue_ice",
			"has_recipe"
		]
	]
}