{
	"parent": "minecraft:recipes/root",
	"rewards": {
		"recipes": [
			"custom:purpur_block_from_pillar"
		]
	},
	"criteria": {
		"has_purpur_pillar": {
			"trigger": "minecraft:inventory_changed",
			"conditions": {
				"items": [{
					"item": "minecraft:purpur_pillar"
				}]
			}
		},
		"has_recipe": {
			"trigger": "minecraft:recipe_unlocked",
			"conditions": {
				"recipe": "custom:purpur_block_from_pillar"
			}
		}
	},
	"requirements": [
		[
			"has_purpur_pillar",
			"has_recipe"
		]
	]
}