{
	"parent": "minecraft:recipes/root",
	"rewards": {
		"recipes": [
			"custom:quartz_block_from_chiseled"
		]
	},
	"criteria": {
		"has_chiseled_quartz_block": {
			"trigger": "minecraft:inventory_changed",
			"conditions": {
				"items": [{
					"item": "minecraft:chiseled_quartz_block"
				}]
			}
		},
		"has_recipe": {
			"trigger": "minecraft:recipe_unlocked",
			"conditions": {
				"recipe": "custom:quartz_block_from_chiseled"
			}
		}
	},
	"requirements": [
		[
			"has_chiseled_quartz_block",
			"has_recipe"
		]
	]
}