{
	"parent": "minecraft:recipes/root",
	"rewards": {
		"recipes": [
			"minecraft:sponge_from_campfire_cooking"
		]
	},
	"criteria": {
		"has_wet_sponge": {
			"trigger": "minecraft:inventory_changed",
			"conditions": {
				"items": [{
					"item": "minecraft:wet_sponge"
				}]
			}
		},
		"has_the_recipe": {
			"trigger": "minecraft:recipe_unlocked",
			"conditions": {
				"recipe": "minecraft:sponge_from_campfire_cooking"
			}
		}
	},
	"requirements": [
		[
			"has_wet_sponge",
			"has_the_recipe"
		]
	]
}