{
	"parent": "minecraft:recipes/root",
	"rewards": {
		"recipes": [
			"custom:terracotta_undye"
		]
	},
	"criteria": {
		"has_water_bucket": {
			"trigger": "minecraft:inventory_changed",
			"conditions": {
				"items": [{
					"item": "minecraft:water_bucket"
				}]
			}
		},
		"has_recipe": {
			"trigger": "minecraft:recipe_unlocked",
			"conditions": {
				"recipe": "custom:terracotta_undye"
			}
		}
	},
	"requirements": [
		[
			"has_water_bucket",
			"has_recipe"
		]
	]
}