{
	"display": {
		"icon": {
			"item": "minecraft:skeleton_skull"
		},
		"title": {
			"translate": "advancements.adventure.sniper_duel.title"
		},
		"description": "Kill a skeleton from at least 50 meters away",
		"frame": "challenge"
	},
	"parent": "custom:combat/shoot_arrow",
	"rewards": {
		"experience": 50
	},
	"criteria": {
		"skeleton": {
			"trigger": "minecraft:player_killed_entity",
			"conditions": {
				"entity": {
					"type": "minecraft:skeleton",
					"distance": {
						"horizontal": {
							"min": 50.0
						}
					}
				},
				"killing_blow": {
					"is_projectile": true
				}
			}
		},
		"stray": {
			"trigger": "minecraft:player_killed_entity",
			"conditions": {
				"entity": {
					"type": "minecraft:stray",
					"distance": {
						"horizontal": {
							"min": 50.0
						}
					}
				},
				"killing_blow": {
					"is_projectile": true
				}
			}
		}
	},
	"requirements": [
		[
			"skeleton",
			"stray"
		]
	]
}