{
	"display": {
		"icon": {
			"item": "minecraft:arrow"
		},
		"title": {
			"translate": "advancements.adventure.two_birds_one_arrow.title"
		},
		"description": "Kill two phantoms with a piercing arrow",
		"frame": "challenge"
	},
	"rewards": {
		"experience": 65
	},
	"parent": "custom:combat/ol_betsy",
	"criteria": {
		"two_birds": {
			"trigger": "minecraft:killed_by_crossbow",
			"conditions": {
				"victims": [{
						"type": "minecraft:phantom"
					},
					{
						"type": "minecraft:phantom"
					}
				]
			}
		}
	}
}