{
	"parent": "minecraft:recipes/root",
	"rewards": {
		"recipes": [
			"custom:trapped_chest_easy"
		]
	},
	"criteria": {
		"has_tripwire_hook": {
			"trigger": "minecraft:inventory_changed",
			"conditions": {
				"items": [{
					"item": "minecraft:tripwire_hook"
				}]
			}
		},
		"has_recipe": {
			"trigger": "minecraft:recipe_unlocked",
			"conditions": {
				"recipe": "custom:trapped_chest_easy"
			}
		}
	},
	"requirements": [
		[
			"has_tripwire_hook",
			"has_recipe"
		]
	]
}