{
	"display": {
		"icon": {
			"item": "minecraft:mojang_banner_pattern"
		},
		"title": "Vexillology",
		"description": "Collect all five banner patterns",
		"frame": "goal"
	},
	"parent": "custom:livestock/loom",
	"rewards": {
		"experience": 50
	},
	"criteria": {
		"flower": {
			"trigger": "minecraft:inventory_changed",
			"conditions": {
				"items": [
					{
						"item": "minecraft:flower_banner_pattern"
					}
				]
			}
		},
		"creeper": {
			"trigger": "minecraft:inventory_changed",
			"conditions": {
				"items": [
					{
						"item": "minecraft:creeper_banner_pattern"
					}
				]
			}
		},
		"skull": {
			"trigger": "minecraft:inventory_changed",
			"conditions": {
				"items": [
					{
						"item": "minecraft:skull_banner_pattern"
					}
				]
			}
		},
		"mojang": {
			"trigger": "minecraft:inventory_changed",
			"conditions": {
				"items": [
					{
						"item": "minecraft:mojang_banner_pattern"
					}
				]
			}
		},
		"globe": {
			"trigger": "minecraft:inventory_changed",
			"conditions": {
				"items": [
					{
						"item": "minecraft:globe_banner_pattern"
					}
				]
			}
		}
	}
}