{
	"display": {
		"icon": {
			"item": "minecraft:golden_carrot"
		},
		"title": {
			"translate": "advancements.husbandry.breed_all_animals.title"
		},
		"description": {
			"translate": "advancements.husbandry.breed_all_animals.description"
		},
		"frame": "challenge"
	},
	"parent": "custom:livestock/breed_an_animal",
	"rewards": {
		"experience": 150
	},
	"criteria": {
		"cat": {
			"trigger": "minecraft:bred_animals",
			"conditions": {
				"parent": {
					"type": "minecraft:cat"
				}
			
			}
		},
		"chicken": {
			"trigger": "minecraft:bred_animals",
			"conditions": {
				"parent": {
					"type": "minecraft:chicken"
				}
			}
		},
		"cow": {
			"trigger": "minecraft:bred_animals",
			"conditions": {
				"parent": {
					"type": "minecraft:cow"
				}
			}
		},
		"donkey": {
			"trigger": "minecraft:bred_animals",
			"conditions": {
				"parent": {
					"type": "minecraft:donkey"
				}
			}
		},
		"fox": {
			"trigger": "minecraft:bred_animals",
			"conditions": {
				"parent": {
					"type": "minecraft:fox"
				}
			}
		},
		"horse": {
			"trigger": "minecraft:bred_animals",
			"conditions": {
				"parent": {
					"type": "minecraft:horse"
				}
			}
		},
		"llama": {
			"trigger": "minecraft:bred_animals",
			"conditions": {
				"parent": {
					"type": "#custom:llamas"
				}
			}
		},
		"mooshroom": {
			"trigger": "minecraft:bred_animals",
			"conditions": {
				"parent": {
					"type": "minecraft:mooshroom"
				}
			}
		},
		"ocelot": {
			"trigger": "minecraft:bred_animals",
			"conditions": {
				"parent": {
					"type": "minecraft:ocelot"
				}
			}
		},
		"panda": {
			"trigger": "minecraft:bred_animals",
			"conditions": {
				"parent": {
					"type": "minecraft:panda"
				}
			}
		},
		"pig": {
			"trigger": "minecraft:bred_animals",
			"conditions": {
				"parent": {
					"type": "minecraft:pig"
				}
			}
		},
		"rabbit": {
			"trigger": "minecraft:bred_animals",
			"conditions": {
				"parent": {
					"type": "minecraft:rabbit"
				}
			}
		},
		"sheep": {
			"trigger": "minecraft:bred_animals",
			"conditions": {
				"parent": {
					"type": "minecraft:sheep"
				}
			}
		},
		"turtle": {
			"trigger": "minecraft:bred_animals",
			"conditions": {
				"parent": {
					"type": "minecraft:turtle"
				}
			}
		},
		"wolf": {
			"trigger": "minecraft:bred_animals",
			"conditions": {
				"parent": {
					"type": "minecraft:wolf"
				}
			}
		}
	}
}