{
	"display": {
		"icon": {
			"item": "minecraft:iron_sword"
		},
		"title": "Depopulation",
		"description": "Kill an animal"
	},
	"parent": "custom:livestock/breed_an_animal",
	"criteria": {
		"farm_animals": {
			"trigger": "minecraft:player_killed_entity",
			"conditions": {
				"entity": {
					"type": "#custom:farm_animals"
				}
			}
		},
		"fish": {
			"trigger": "minecraft:player_killed_entity",
			"conditions": {
				"entity": {
					"type": "#custom:fish"
				}
			}
		},
		"bat": {
			"trigger": "minecraft:player_killed_entity",
			"conditions": {
				"entity": {
					"type": "minecraft:bat"
				}
			}
		},
		"dolphin": {
			"trigger": "minecraft:player_killed_entity",
			"conditions": {
				"entity": {
					"type": "minecraft:dolphin"
				}
			}
		},
		"fox": {
			"trigger": "minecraft:player_killed_entity",
			"conditions": {
				"entity": {
					"type": "minecraft:fox"
				}
			}
		},
		"ocelot": {
			"trigger": "minecraft:player_killed_entity",
			"conditions": {
				"entity": {
					"type": "minecraft:ocelot"
				}
			}
		},
		"panda": {
			"trigger": "minecraft:player_killed_entity",
			"conditions": {
				"entity": {
					"type": "minecraft:panda"
				}
			}
		},
		"parrot": {
			"trigger": "minecraft:player_killed_entity",
			"conditions": {
				"entity": {
					"type": "minecraft:parrot"
				}
			}
		},
		"polar_bear": {
			"trigger": "minecraft:player_killed_entity",
			"conditions": {
				"entity": {
					"type": "minecraft:polar_bear"
				}
			}
		},
		"squid": {
			"trigger": "minecraft:player_killed_entity",
			"conditions": {
				"entity": {
					"type": "minecraft:squid"
				}
			}
		},
		"turtle": {
			"trigger": "minecraft:player_killed_entity",
			"conditions": {
				"entity": {
					"type": "minecraft:turtle"
				}
			}
		}
	},
	"requirements": [
		[
			"farm_animals",
			"fish",
			"bat",
			"dolphin",
			"fox",
			"ocelot",
			"panda",
			"parrot",
			"polar_bear",
			"squid",
			"turtle"
		]
	]
}