{
	"display": {
		"icon": {
			"item": "minecraft:oak_fence_gate"
		},
		"title": "Livestock",
		"description": "E I E I O",
		"background": "minecraft:textures/block/hay_block_top.png",
		"show_toast": false,
		"announce_to_chat": false
	},
	"criteria": {
		"bred": {
			"trigger": "minecraft:bred_animals",
			"conditions": {}
		},
		"kill_animal": {
			"trigger": "minecraft:player_killed_entity",
			"conditions": {
				"entity": {
					"type": "#custom:farm_animals"
				}
			}
		},
		"tame_animal": {
			"trigger": "minecraft:tame_animal"
		}
	},
	"requirements": [
		[
			"bred",
			"kill_animal",
			"tame_animal"
		]
	]
}