{
	"display": {
		"icon": {
			"item": "minecraft:name_tag"
		},
		"title": "Mutual Protection",
		"description": "Tame one of every tameable mob",
		"frame": "challenge"
	},
	"parent": "custom:livestock/tame_horse",
	"rewards": {
		"experience": 150
	},
	"criteria": {
		"donkey": {
			"trigger": "minecraft:tame_animal",
			"conditions": {
				"entity": {
					"type": "minecraft:donkey"
				}
			}
		},
		"horse": {
			"trigger": "minecraft:tame_animal",
			"conditions": {
				"entity": {
					"type": "minecraft:horse"
				}
			}
		},
		"llama": {
			"trigger": "minecraft:tame_animal",
			"conditions": {
				"entity": {
					"type": "#custom:llamas"
				}
			}
		},
		"mule": {
			"trigger": "minecraft:tame_animal",
			"conditions": {
				"entity": {
					"type": "minecraft:mule"
				}
			}
		},
		"cat": {
			"trigger": "minecraft:tame_animal",
			"conditions": {
				"entity": {
					"type": "minecraft:cat"
				}
			}
		},
		"parrot": {
			"trigger": "minecraft:tame_animal",
			"conditions": {
				"entity": {
					"type": "minecraft:parrot"
				}
			}
		},
		"wolf": {
			"trigger": "minecraft:tame_animal",
			"conditions": {
				"entity": {
					"type": "minecraft:wolf"
				}
			}
		}
	}
}