{
	"display": {
		"icon": {
			"item": "minecraft:horn_coral_fan"
		},
		"title": "Fanatics",
		"description": "Collect all 10 coral fan types"
	},
	"parent": "custom:collection/coral",
	"rewards": {
		"experience": 40
	},
	"criteria": {
		"tube": {
			"trigger": "minecraft:inventory_changed",
			"conditions": {
				"items": [
					{
						"item": "minecraft:tube_coral_fan"
					}
				]
			}
		},
		"brain": {
			"trigger": "minecraft:inventory_changed",
			"conditions": {
				"items": [
					{
						"item": "minecraft:brain_coral_fan"
					}
				]
			}
		},
		"bubble": {
			"trigger": "minecraft:inventory_changed",
			"conditions": {
				"items": [
					{
						"item": "minecraft:bubble_coral_fan"
					}
				]
			}
		},
		"fire": {
			"trigger": "minecraft:inventory_changed",
			"conditions": {
				"items": [
					{
						"item": "minecraft:fire_coral_fan"
					}
				]
			}
		},
		"horn": {
			"trigger": "minecraft:inventory_changed",
			"conditions": {
				"items": [
					{
						"item": "minecraft:horn_coral_fan"
					}
				]
			}
		},
		"dead_tube": {
			"trigger": "minecraft:inventory_changed",
			"conditions": {
				"items": [
					{
						"item": "minecraft:dead_tube_coral_fan"
					}
				]
			}
		},
		"dead_brain": {
			"trigger": "minecraft:inventory_changed",
			"conditions": {
				"items": [
					{
						"item": "minecraft:dead_brain_coral_fan"
					}
				]
			}
		},
		"dead_bubble": {
			"trigger": "minecraft:inventory_changed",
			"conditions": {
				"items": [
					{
						"item": "minecraft:dead_bubble_coral_fan"
					}
				]
			}
		},
		"dead_fire": {
			"trigger": "minecraft:inventory_changed",
			"conditions": {
				"items": [
					{
						"item": "minecraft:dead_fire_coral_fan"
					}
				]
			}
		},
		"dead_horn": {
			"trigger": "minecraft:inventory_changed",
			"conditions": {
				"items": [
					{
						"item": "minecraft:dead_horn_coral_fan"
					}
				]
			}
		}
	}
}