{
	"display": {
		"icon": {
			"item": "minecraft:diamond_boots",
			"nbt": "{Enchantments:[{id:'minecraft:unbreaking',lvl:1}]}"
		},
		"title": "Water Walker",
		"description": "Use Depth Strider to speed through water"
	},
	"parent": "custom:ocean/boat",
	"criteria": {
		"depth_strider": {
			"trigger": "minecraft:inventory_changed",
			"conditions": {
				"items": [
					{
						"tag": "custom:boots",
						"enchantments": [
							{
								"enchantment": "minecraft:depth_strider",
								"levels": {
									"max": 3,
									"min": 1
								}
							}
						]
					}
				]
			}
		}
	}
}