{
	"display": {
		"icon": {
			"item": "minecraft:ice"
		},
		"title": "On Thin Ice",
		"description": "Use Frost Walker to walk on water"
	},
	"parent": "custom:ocean/depth_strider",
	"criteria": {
		"frost_walker": {
			"trigger": "minecraft:inventory_changed",
			"conditions": {
				"items": [
					{
						"tag": "custom:boots",
						"enchantments": [
							{
								"enchantment": "minecraft:frost_walker",
								"levels": {
									"max": 2,
									"min": 1
								}
							}
						]
					}
				]
			}
		}
	}
}