{
	"display": {
		"icon": {
			"item": "minecraft:pufferfish"
		},
		"title": "Tall Tale",
		"description": "Catch all four types of fish",
		"frame": "goal"
	},
	"parent": "custom:ocean/cooked_fish",
	"criteria": {
		"cod": {
			"trigger": "minecraft:fishing_rod_hooked",
			"conditions": {
				"item": {
					"item": "minecraft:cod"
				}
			}
		},
		"salmon": {
			"trigger": "minecraft:fishing_rod_hooked",
			"conditions": {
				"item": {
					"item": "minecraft:salmon"
				}
			}
		},
		"tropical_fish": {
			"trigger": "minecraft:fishing_rod_hooked",
			"conditions": {
				"item": {
					"item": "minecraft:tropical_fish"
				}
			}
		},
		"pufferfish": {
			"trigger": "minecraft:fishing_rod_hooked",
			"conditions": {
				"item": {
					"item": "minecraft:pufferfish"
				}
			}
		}
	}
}