{
	"parent": "minecraft:recipes/root",
	"rewards": {
		"recipes": [
			"custom:enchanted_golden_apple"
		]
	},
	"criteria": {
		"has_gold_block": {
			"trigger": "minecraft:inventory_changed",
			"conditions": {
				"items": [{
					"item": "minecraft:gold_block"
				}]
			}
		},
		"has_recipe": {
			"trigger": "minecraft:recipe_unlocked",
			"conditions": {
				"recipe": "custom:enchanted_golden_apple"
			}
		}
	},
	"requirements": [
		[
			"has_gold_block",
			"has_recipe"
		]
	]
}