{
	"parent": "minecraft:recipes/root",
	"rewards": {
		"recipes": [
			"custom:chest_easy"
		]
	},
	"criteria": {
		"has_lots_of_items": {
			"trigger": "minecraft:inventory_changed",
			"conditions": {
				"slots": {
					"occupied": {
						"min": 10
					}
				}
			}
		},
		"has_recipe": {
			"trigger": "minecraft:recipe_unlocked",
			"conditions": {
				"recipe": "custom:chest_easy"
			}
		}
	},
	"requirements": [
		[
			"has_lots_of_items",
			"has_recipe"
		]
	]
}