{
	"parent": "minecraft:recipes/root",
	"rewards": {
		"recipes": [
			"custom:dark_oak_sapling"
		]
	},
	"criteria": {
		"has_leaves": {
			"trigger": "minecraft:inventory_changed",
			"conditions": {
				"items": [{
					"item": "minecraft:dark_oak_leaves"
				}]
			}
		},
		"has_recipe": {
			"trigger": "minecraft:recipe_unlocked",
			"conditions": {
				"recipe": "custom:dark_oak_sapling"
			}
		}
	},
	"requirements": [
		[
			"has_leaves",
			"has_recipe"
		]
	]
}