{
	"parent": "minecraft:recipes/root",
	"rewards": {
		"recipes": [
			"custom:black_dye_from_light_gray"
		]
	},
	"criteria": {
		"has_light_gray": {
			"trigger": "minecraft:inventory_changed",
			"conditions": {
				"items": [{
					"item": "minecraft:light_gray_dye"
				}]
			}
		},
		"has_recipe": {
			"trigger": "minecraft:recipe_unlocked",
			"conditions": {
				"recipe": "custom:black_dye_from_light_gray"
			}
		}
	},
	"requirements": [
		[
			"has_light_gray",
			"has_recipe"
		]
	]
}