{
	"parent": "minecraft:recipes/root",
	"rewards": {
		"recipes": [
			"custom:blue_dye_from_light_blue"
		]
	},
	"criteria": {
		"has_light_blue": {
			"trigger": "minecraft:inventory_changed",
			"conditions": {
				"items": [{
					"item": "minecraft:light_blue_dye"
				}]
			}
		},
		"has_recipe": {
			"trigger": "minecraft:recipe_unlocked",
			"conditions": {
				"recipe": "custom:blue_dye_from_light_blue"
			}
		}
	},
	"requirements": [
		[
			"has_light_blue",
			"has_recipe"
		]
	]
}