{
	"parent": "minecraft:recipes/root",
	"rewards": {
		"recipes": [
			"custom:cyan_dye_from_ender_peal"
		]
	},
	"criteria": {
		"has_ender_pearl": {
			"trigger": "minecraft:inventory_changed",
			"conditions": {
				"items": [{
					"item": "minecraft:ender_pearl"
				}]
			}
		},
		"has_recipe": {
			"trigger": "minecraft:recipe_unlocked",
			"conditions": {
				"recipe": "custom:cyan_dye_from_ender_peal"
			}
		}
	},
	"requirements": [
		[
			"has_ender_pearl",
			"has_recipe"
		]
	]
}