{
	"parent": "minecraft:recipes/root",
	"rewards": {
		"recipes": [
			"custom:cyan_dye_from_heart_of_the_sea"
		]
	},
	"criteria": {
		"has_heart_of_the_sea": {
			"trigger": "minecraft:inventory_changed",
			"conditions": {
				"items": [{
					"item": "minecraft:heart_of_the_sea"
				}]
			}
		},
		"has_recipe": {
			"trigger": "minecraft:recipe_unlocked",
			"conditions": {
				"recipe": "custom:cyan_dye_from_heart_of_the_sea"
			}
		}
	},
	"requirements": [
		[
			"has_heart_of_the_sea",
			"has_recipe"
		]
	]
}