{
	"parent": "minecraft:recipes/root",
	"rewards": {
		"recipes": [
			"custom:emerald_from_stonecutting"
		]
	},
	"criteria": {
		"has_emerald_ore": {
			"trigger": "minecraft:inventory_changed",
			"conditions": {
				"items": [{
					"item": "minecraft:emerald_ore"
				}]
			}
		},
		"has_recipe": {
			"trigger": "minecraft:recipe_unlocked",
			"conditions": {
				"recipe": "custom:emerald_from_stonecutting"
			}
		}
	},
	"requirements": [
		[
			"has_emerald_ore",
			"has_recipe"
		]
	]
}