{
	"parent": "minecraft:recipes/root",
	"rewards": {
		"recipes": [
			"minecraft:popped_chorus_fruit_from_campfire_cooking"
		]
	},
	"criteria": {
		"has_chorus_fruit": {
			"trigger": "minecraft:inventory_changed",
			"conditions": {
				"items": [{
					"item": "minecraft:chorus_fruit"
				}]
			}
		},
		"has_the_recipe": {
			"trigger": "minecraft:recipe_unlocked",
			"conditions": {
				"recipe": "minecraft:popped_chorus_fruit_from_campfire_cooking"
			}
		}
	},
	"requirements": [
		[
			"has_chorus_fruit",
			"has_the_recipe"
		]
	]
}