{
	"parent": "minecraft:recipes/root",
	"rewards": {
		"recipes": [
			"custom:purple_dye_from_chorus_fruit"
		]
	},
	"criteria": {
		"has_chorus_fruit": {
			"trigger": "minecraft:inventory_changed",
			"conditions": {
				"items": [{
					"item": "minecraft:chorus_fruit"
				}]
			}
		},
		"has_recipe": {
			"trigger": "minecraft:recipe_unlocked",
			"conditions": {
				"recipe": "custom:purple_dye_from_chorus_fruit"
			}
		}
	},
	"requirements": [
		[
			"has_chorus_fruit",
			"has_recipe"
		]
	]
}