{
	"parent": "minecraft:recipes/root",
	"rewards": {
		"recipes": [
			"custom:red_dye_from_nether_wart"
		]
	},
	"criteria": {
		"has_nether_wart": {
			"trigger": "minecraft:inventory_changed",
			"conditions": {
				"items": [{
					"item": "minecraft:nether_wart"
				}]
			}
		},
		"has_recipe": {
			"trigger": "minecraft:recipe_unlocked",
			"conditions": {
				"recipe": "custom:red_dye_from_nether_wart"
			}
		}
	},
	"requirements": [
		[
			"has_nether_wart",
			"has_recipe"
		]
	]
}