{
	"parent": "minecraft:recipes/root",
	"rewards": {
		"recipes": [
			"custom:string_from_wool"
		]
	},
	"criteria": {
		"has_white_wool": {
			"trigger": "minecraft:inventory_changed",
			"conditions": {
				"items": [{
					"item": "minecraft:white_wool"
				}]
			}
		},
		"has_recipe": {
			"trigger": "minecraft:recipe_unlocked",
			"conditions": {
				"recipe": "custom:string_from_wool"
			}
		}
	},
	"requirements": [
		[
			"has_white_wool",
			"has_recipe"
		]
	]
}